,road,chainage,LRPName,lat,lon,gap,type,name,model_type,road_to,distance_to_closest,closest_lat,closest_lon,closest_lrp,closest_name,closest_type,closest_chainage,closest_LRPName
0,N1,0.0,LRPS,23.7060278,90.443333,,Others,Start of Road  after Jatrabari Flyover infront of filling station.,sourcesink,,,,,,,,,
56,N1,45.322,LRP046a,23.5307493,90.7816104,,"sideroad,right","Z1402, road to Pennai",intersection,Z1402,0.0,23.5307493,90.7816104,LRPE,Meet with N1 at Pennai,Others,43.849,
57,N1,47.224,LRP047a,23.5306938,90.7924441,,"sideroad,right",Z1044,intersection,Z1044,0.0,23.5306938,90.7924441,LRPS,Start of Road From N1 at Gouripur,Others,0.0,
58,N1,55.477,LRP056c,23.5126667,90.871416,,"sideroad,left","Z1042, road to Bancharampur",intersection,Z1042,3.091223230548948,23.5126389,90.871416,LRPS,Start of Road from N1 at Eliotganj.,Others,0.0,
59,N1,81.846,LRP084a,23.4789716,91.118166,,"sideroad,left",Road to Brahmanbaria(N102),intersection,N102,2.835289605490322,23.4789716,91.1181938,LRPS,Start of road from N1 Mainamati,Others,0.0,
82,N1,91.493,LRP094,23.4195271,91.171416,,,,intersection,R140,101.78945610468584,23.419166,91.1723327,,,,,LRP004a
80,N1,91.583,LRP094a,23.4191382,91.1721938,,,,intersection,R140,14.505865055780376,23.419166,91.1723327,,,,,LRP004a
60,N1,128.009,LRP130a,23.1496941,91.3254993,,"sideroad,right",Road to Nangolhat (Z1048),intersection,Z1048,31.38744302329569,23.1497219,91.3251938,LRPE,End of road at Chewara Intersection with N1.,Others,31.13,
61,N1,138.869,LRP142a,23.0614722,91.3616667,,"sideroad,right",Road to Karerhat (Z1031),intersection,Z1031,0.0,23.0614722,91.3616667,LRPS,"Start from Rahman filling station at Mohhamad Ali bazar, Intersection with N1 at Mohhamad Ali bazar.",Others,0.0,
52,N1,140.251,LRP143a,23.0479441,91.3651389,,crossroad,Z1031,intersection,Z1031,4.2007967579342536,23.0479719,91.3651667,LRP001b,End of overlop with N1,Others,1.496,
53,N1,145.409,LRP148a,23.0095556,91.3813604,,crossroad / kmpost,Intersection with N104 / Km post missing,intersection,N104,9.07835180330034,23.0095278,91.3814438,LRP001a,Right to Comilla Left to Chittagong,CrossRoad,1.878,
62,N1,149.289,LRP152a,22.9877774,91.41,,"sideroad,left",Road to Feni Town (Z1034),intersection,Z1034,14.218481429853732,22.9877774,91.4101389,LRP002a,Start of Natianal Highway N1,CrossRoad,2.652,
63,N1,149.585,LRP152b,22.9858886,91.4120556,,"sideroad,right",Road to Sonagazi (Z1034),intersection,Z1034,8.403367761776074,22.985833,91.412,LRP002b,Overlapping on road N1,Others,2.71,
64,N1,167.683,LRP170b,22.8939997,91.5346941,,"sideroad,left",Road to Karerhat (R151),intersection,R151,6.171326952959844,22.8940552,91.5346941,LRPS,Road start from N1 at Baraiyerhat.,Others,0.0,
65,N1,264.237,LRP268c,22.291833,91.9823327,,"sideroad,right",Road to Anowara (R170),intersection,R170,0.0,22.291833,91.9823327,LRPS,Road start from N1 (Dhaka Teknaf) road at Patiya bazar.,Others,0.0,
66,N1,337.31,LRP341b,21.7215549,92.0830827,,"sideroad,left",Road to Alikadam(Z1005),intersection,Z1005,3.091223230548948,21.7215271,92.0830827,LRPS,Road Start from N1 at Haser Dighi Chokoria,Others,0.0,
1,N1,462.254,LRPE,20.8629167,92.298083,,Others,"End of Road at Shapla Chattar ,Teknaf Meet with Z1098 &Z1099.",sourcesink,,,,,,,,,
2,N102,0.0,LRPS,23.4789716,91.118166,,Others,Start of road from N1 Mainamati,sourcesink,,,,,,,,,
3,N102,82.682,LRPE,24.0508333,91.1144444,,Others,Meet with N 2 at Sanail,sourcesink,,,,,,,,,
4,N104,0.0,LRPS,23.0096667,91.3994163,,Others,Intersection with Z1031,sourcesink,,,,,,,,,
5,N104,49.63,LRPE,22.8257493,91.1014444,,Others,Meet with Z1441& Z1405 at Sonapur.,sourcesink,,,,,,,,,
85,N104,145.409,LRP001a,23.0095556,91.3813604,,CrossRoad,Right to Comilla Left to Chittagong,intersection,N1,9.078351803300341,23.0095278,91.3814438,,,,,
6,N105,0.0,LRPS,23.6904163,90.5466108,,Others,"Starts of road from N1,Dhaka teknaf road at Madanpur.",sourcesink,,,,,,,,,
86,N105,11.464,LRP012a,23.785333,90.5685549,,CrossRoad,N2 Dhaka-Sylhet -Jaflong Road,intersection,N2,29.759390807779774,23.7851941,90.5688049,,,,,
7,N105,48.87,LRP048,23.9895274,90.3582222,,KmPost / Others,"B.Bridge 83 km,Tangail 60 km / End of Road  Intersection at N4 at Joydebpur.",sourcesink,,,,,,,,,
8,N2,0.0,LRPS,23.7060833,90.5215271,,Others,Road Start from N1 at Katchpur,sourcesink,,,,,,,,,
54,N2,11.464,LRP012a,23.785333,90.5685549,,crossroad,Intersection with N105,intersection,N105,29.759390807779774,23.7851941,90.5688049,LRP012a,N2 Dhaka-Sylhet -Jaflong Road,CrossRoad,12.803,
67,N2,11.977,LRP012d,23.7856663,90.5705827,,"sideroad,right",R203 to Ramchandri,intersection,R203,6.788709578026401,23.7856108,90.5705549,LRPS,Road start from N-2 at Bhulta.,Others,0.0,
68,N2,30.225,LRP030b,23.8934163,90.6644167,,"sideroad,left / kmpost","R301 to Ghorashal, Z2047 to Ghorashal / Sylhet 200 km",intersection,R301,22.922190345818905,23.8935552,90.6645833,LRPE,"End of road at Pachdona intersecting N2, Dhaka- Sylhet- Jaflong Road",Others,33.037,
69,N2,43.097,LRP043b,23.9802216,90.7333886,,"sideroad,left","R310 to Gazipur ,R211 to Shibpur",intersection,R310,11.739378422458543,23.9802493,90.7332771,LRPE,End of road at itakhola more and intersect with N2 ( Dhaka- Sylhet Highway),Others,37.339,
70,N2,70.576,LRP071a,24.0553889,90.9828604,,"sideroad,left",Road to Kishoreganj(R360),intersection,R360,22.91398430619546,24.05525,90.9830271,LRPE,"End of Road of Durjoy more Bhairab interseting N2, Dhaka- Sylhet - Jaflong road",Others,116.385,
71,N2,85.823,LRP086a,24.0508333,91.1144444,,"sideroad,right",Road to Mainamoti(N102),intersection,N102,33.46625731367054,24.0506111,91.1146667,LRPE,Meet with N 2 at Sanail,Others,82.682,
72,N2,86.413,LRP087a,24.0576944,91.1151389,,"sideroad,left",Road to Nasimagar(R220),intersection,R220,10.47007358155812,24.0576389,91.1150556,LRPS,Road start from N2 at Kutra para more Sarail,Others,0.0,
73,N2,116.294,LRP117b,24.1478608,91.3464441,,"sideroad,right",Road to Chunarughat(N204),intersection,N204,18.004837785974672,24.1479163,91.3466108,LRPS,Road start from N2 at Jagannathganj.,Others,0.0,
74,N2,141.308,LRP142b,24.2676938,91.4768882,,"sideroad,left / sideroad,right",R240 to Habiganj / N204 to Chunarughat,intersection,R240,9.273669691646845,24.2676104,91.4768882,LRPS,Road start from at Shaistaganj Intersection of N2 (Dhaka- Syhlet Road) + R240,Others,0.0,
75,N2,145.961,LRP146b,24.2947219,91.5100833,,"sideroad,right",Road to Srimongal(N207),intersection,N207,22.890557516366083,24.2948608,91.51025,LRPS,Road start from N2 at Mirpur.,Others,0.0,
76,N2,181.657,LRP182c,24.5910552,91.6014167,,"sideroad,left",Road to Nabiganj (R240),intersection,R240,66.79772220490295,24.5914997,91.6018611,LRP049a,Cross the Road N2,CrossRoad,49.42,
77,N2,185.77,LRP186d,24.6134167,91.6312493,,"sideroad,left",Road to Raniganj (R241),intersection,R241,0.0,24.6134167,91.6312493,LRPS,"Road start from N2 at Soyedpur Bazar, Hobiganj.",Others,0.0,
78,N2,190.892,LRP191b,24.6264993,91.6774993,,"sideroad,right",Road to Moulavo Bazar(N207),intersection,N207,18.737016056778035,24.6263327,91.6775271,LRPE,Road end with N2 at Mukti joddha Chattor Sherpur.,Others,67.985,
79,N2,225.373,LRP225b,24.8673049,91.8568056,,"sideroad,right",Road to Balaganj (Z2013),intersection,Z2013,0.0,24.8673049,91.8568056,LRPS,Road Start From N2 at Chandipool Sylhet,Others,0.0,
81,N2,227.988,LRP229a,24.878666,91.8771382,,,,intersection,R250,24.34892176439548,24.8788604,91.8772493,,,,,LRP002a
83,N2,228.186,LRP229b,24.8801938,91.8782493,,,,intersection,R250,166.29484971818658,24.8793882,91.8768604,,,,,LRP002
9,N2,286.516,LRPE,25.1570556,92.0176382,,Others,Road End at Jaflong.,sourcesink,,,,,,,,,
10,N204,0.0,LRPS,24.1478608,91.3464441,,Others,Road start from N2 at Jagannathganj.,sourcesink,,,,,,,,,
11,N204,34.421,LRPE,24.2673882,91.4771382,,Others,Road End intersecting N2 at Shaistagonj Round About.,sourcesink,,,,,,,,,
12,N207,0.0,LRPS,24.2947219,91.5100833,,Others,Road start from N2 at Mirpur.,sourcesink,,,,,,,,,
13,N207,67.985,LRPE,24.6264993,91.6774993,,Others,Road end with N2 at Mukti joddha Chattor Sherpur.,sourcesink,,,,,,,,,
14,R140,0.0,LRPS,23.4604722,91.1807216,,Others,Road Start at Comilla Zero Point Any Round About at Kandirpar,sourcesink,,,,,,,,,
114,R140,91.493,LRP004a,23.4195271,91.171416,,CrossRoad,Intersection N1 at Paduar Bazar,intersection,N1,101.78945610468584,23.419166,91.1723327,,,,,
112,R140,91.583,LRP004a,23.4191382,91.1721938,,CrossRoad,Intersection N1 at Paduar Bazar,intersection,N1,14.505865055780376,23.419166,91.1723327,,,,,
15,R140,138.63,LRPE,22.9447774,91.1047222,,Others,Road End with Intersection at N104 & R142 (Begumganj Zero Point),sourcesink,,,,,,,,,
16,R151,0.0,LRPS,22.8939997,91.5346941,,Others,Road start from N1 at Baraiyerhat.,sourcesink,,,,,,,,,
17,R151,47.702,LRPE,22.7082222,91.784083,,Others,"The road end Intersecting R160 at Hadchokia ,Fatikchhari",sourcesink,,,,,,,,,
18,R170,0.0,LRPS,22.291833,91.9823327,,Others,Road start from N1 (Dhaka Teknaf) road at Patiya bazar.,sourcesink,,,,,,,,,
19,R170,74.635,LRPE,21.7521667,92.0078333,,Others,Road End With R172 at Eidmoni Badarkhali -Chokoria Road N1.,sourcesink,,,,,,,,,
20,R203,0.0,LRPS,23.7856663,90.5705827,,Others,Road start from N-2 at Bhulta.,sourcesink,,,,,,,,,
21,R203,76.197,LRPE,23.9033056,91.1265827,,Others,"Road Connect with N-102 at Radhika ,B.Baria.",sourcesink,,,,,,,,,
22,R220,0.0,LRPS,24.0576944,91.1151389,,Others,Road start from N2 at Kutra para more Sarail,sourcesink,,,,,,,,,
23,R220,51.772,LRPE,24.373166,91.4161389,,Others,"Road end with R240 at muktijoddha chotor infront of zila porisad, Habiganj",sourcesink,,,,,,,,,
24,R240,0.0,LRPS,24.2676938,91.4768882,,Others,Road start from at Shaistaganj Intersection of N2 (Dhaka- Syhlet Road) + R240,sourcesink,,,,,,,,,
25,R240,50.67,LRPE,24.5938052,91.6104722,,Others,Road end with N2 ( Dhaka- Syhlet Road at Auskandi),sourcesink,,,,,,,,,
108,R240,181.657,LRP049a,24.5910552,91.6014167,,CrossRoad,Cross the Road N2,intersection,N2,66.79772220490295,24.5914997,91.6018611,,,,,
26,R241,0.0,LRPS,24.6134167,91.6312493,,Others,"Road start from N2 at Soyedpur Bazar, Hobiganj.",sourcesink,,,,,,,,,
27,R241,45.015,LRPE,24.9233604,91.4625833,,Others,Road end with R280 at Pagla.,sourcesink,,,,,,,,,
28,R250,0.0,LRPS,24.8859997,91.8681382,,Others,"Start of road From N205,Chandipool-Keen Bridge road at Keen Bridge.",sourcesink,,,,,,,,,
29,R250,89.7,LRPE,24.8731382,92.3650278,,Others,Road end with Customs at Jakiganj,sourcesink,,,,,,,,,
113,R250,227.988,LRP002a,24.878666,91.8771382,,CrossRoad,N2 (Over pass),intersection,N2,24.348921764395477,24.8788604,91.8772493,,,,,
115,R250,228.186,LRP002,24.8801938,91.8782493,,KmPost,Golapganj 15 km,intersection,N2,166.29484971818658,24.8793882,91.8768604,,,,,
30,R301,0.0,LRPS,23.8927774,90.4020278,,Others,Startt of road from N3 at Tongi,sourcesink,,,,,,,,,
31,R301,33.037,LRPE,23.8934163,90.6644167,,Others,"End of road at Pachdona intersecting N2, Dhaka- Sylhet- Jaflong Road",sourcesink,,,,,,,,,
32,R310,0.0,LRPS,23.9894997,90.381916,,Others,"Start of Road from N3 at Gazipur Chourasta, Joydebpur.",sourcesink,,,,,,,,,
33,R310,37.339,LRPE,23.9802216,90.7333886,,Others,End of road at itakhola more and intersect with N2 ( Dhaka- Sylhet Highway),sourcesink,,,,,,,,,
34,R360,0.0,LRPS,24.7625278,90.4504444,,Others,"The road starts from R370, Mymensingh- Sunamganj road at Raghurampur",sourcesink,,,,,,,,,
35,R360,116.385,LRPE,24.0553889,90.9828604,,Others,"End of Road of Durjoy more Bhairab interseting N2, Dhaka- Sylhet - Jaflong road",sourcesink,,,,,,,,,
36,Z1005,0.0,LRPS,21.7215549,92.0830827,,Others,Road Start from N1 at Haser Dighi Chokoria,sourcesink,,,,,,,,,
37,Z1005,42.22,LRPE,21.7774438,92.1947774,,Others,The road ends at Lama Bazar,sourcesink,,,,,,,,,
38,Z1031,0.0,LRPS,23.0614722,91.3616667,,Others,"Start from Rahman filling station at Mohhamad Ali bazar, Intersection with N1 at Mohhamad Ali bazar.",sourcesink,,,,,,,,,
39,Z1031,35.935,LRPE,22.9298327,91.5527778,,Others,Road end at Intersection with R151 at Karerhat.,sourcesink,,,,,,,,,
84,Z1031,140.251,LRP001b,23.0479441,91.3651389,,Others,End of overlop with N1,intersection,N1,4.2007967579342536,23.0479719,91.3651667,,,,,
40,Z1034,0.0,LRPS,23.0100278,91.3991108,,Others,Start of road from Intersection of N104 & Z1031 at Shahid Minar more.,sourcesink,,,,,,,,,
41,Z1034,29.806,LRPE,22.8359719,91.4544722,,Others,End of Road at Sonagazi Intersection  point of Z 1434.,sourcesink,,,,,,,,,
94,Z1034,149.289,LRP002a,22.9877774,91.41,,CrossRoad,Start of Natianal Highway N1,intersection,N1,14.218481429853732,22.9877774,91.4101389,,,,,
95,Z1034,149.585,LRP002b,22.9858886,91.4120556,,Others,Overlapping on road N1,intersection,N1,8.403367761776074,22.985833,91.412,,,,,
42,Z1042,0.0,LRPS,23.5126667,90.871416,,Others,Start of Road from N1 at Eliotganj.,sourcesink,,,,,,,,,
43,Z1042,48.195,LRPE,23.7812493,90.8287493,,Others,Fathepur Connect with R203.,sourcesink,,,,,,,,,
44,Z1044,0.0,LRPS,23.5306938,90.7924441,,Others,Start of Road From N1 at Gouripur,sourcesink,,,,,,,,,
45,Z1044,40.356,LRPE,23.2509444,90.8497497,,Others,End at Haziganj and meet with R-140,sourcesink,,,,,,,,,
46,Z1048,0.0,LRPS,23.2313049,91.1204716,,Others,"Start of road at Daulatganj, Laksam",sourcesink,,,,,,,,,
47,Z1048,31.13,LRPE,23.1496941,91.3254993,,Others,End of road at Chewara Intersection with N1.,sourcesink,,,,,,,,,
48,Z1402,0.0,LRPS,23.2593889,90.6964997,,Others,Start of road from R140,sourcesink,,,,,,,,,
49,Z1402,43.849,LRPE,23.5307493,90.7816104,,Others,Meet with N1 at Pennai,sourcesink,,,,,,,,,
50,Z2013,0.0,LRPS,24.8673049,91.8568056,,Others,Road Start From N2 at Chandipool Sylhet,sourcesink,,,,,,,,,
51,Z2013,25.045,LRPE,24.6572222,91.8282216,,Others,Road End With Borobaga River.,sourcesink,,,,,,,,,
