,road,chainage,LRPName,lat,lon,gap,type,name,road_to,distance_to_closest,closest_lat,closest_lon,closest_lrp,model_type,closest_name,closest_type,closest_chainage
5,N1,140.251,LRP143a,23.0479441,91.3651389,,crossroad,Z1031,Z1031,4.2007967579342536,23.0479719,91.3651667,LRP001b,intersection,End of overlop with N1,Others,1.496
6,N1,145.409,LRP148a,23.0095556,91.3813604,,crossroad / kmpost,Intersection with N104 / Km post missing,N104,9.078351803300341,23.0095278,91.3814438,LRP001a,intersection,Right to Comilla Left to Chittagong,CrossRoad,1.878
10,N2,11.464,LRP012a,23.785333,90.5685549,,crossroad,Intersection with N105,N105,29.759390807779774,23.7851941,90.5688049,LRP012a,intersection,N2 Dhaka-Sylhet -Jaflong Road,CrossRoad,12.803
13,N1,8.763,LRP009a,23.7060833,90.5215271,,"sideroad,left",Road to Sylhet (N2),N2,20.37415958669164,23.7059167,90.5214438,LRPS,intersection,Road Start from N1 at Katchpur,Others,0.0
19,N1,45.322,LRP046a,23.5307493,90.7816104,,"sideroad,right","Z1402, road to Pennai",Z1402,0.0,23.5307493,90.7816104,LRPE,intersection,Meet with N1 at Pennai,Others,43.849
21,N1,47.224,LRP047a,23.5306938,90.7924441,,"sideroad,right",Z1044,Z1044,0.0,23.5306938,90.7924441,LRPS,intersection,Start of Road From N1 at Gouripur,Others,0.0
22,N1,55.477,LRP056c,23.5126667,90.871416,,"sideroad,left","Z1042, road to Bancharampur",Z1042,3.0912232305489478,23.5126389,90.871416,LRPS,intersection,Start of Road from N1 at Eliotganj.,Others,0.0
27,N1,81.846,LRP084a,23.4789716,91.118166,,"sideroad,left",Road to Brahmanbaria(N102),N102,2.835289605490322,23.4789716,91.1181938,LRPS,intersection,Start of road from N1 Mainamati,Others,0.0
30,N1,128.009,LRP130a,23.1496941,91.3254993,,"sideroad,right",Road to Nangolhat (Z1048),Z1048,31.387443023295692,23.1497219,91.3251938,LRPE,intersection,End of road at Chewara Intersection with N1.,Others,31.13
31,N1,138.869,LRP142a,23.0614722,91.3616667,,"sideroad,right",Road to Karerhat (Z1031),Z1031,0.0,23.0614722,91.3616667,LRPS,intersection,"Start from Rahman filling station at Mohhamad Ali bazar, Intersection with N1 at Mohhamad Ali bazar.",Others,0.0
33,N1,149.289,LRP152a,22.9877774,91.41,,"sideroad,left",Road to Feni Town (Z1034),Z1034,14.218481429853732,22.9877774,91.4101389,LRP002a,intersection,Start of Natianal Highway N1,CrossRoad,2.652
34,N1,149.585,LRP152b,22.9858886,91.4120556,,"sideroad,right",Road to Sonagazi (Z1034),Z1034,8.403367761776074,22.985833,91.412,LRP002b,intersection,Overlapping on road N1,Others,2.71
37,N1,167.683,LRP170b,22.8939997,91.5346941,,"sideroad,left",Road to Karerhat (R151),R151,6.171326952959844,22.8940552,91.5346941,LRPS,intersection,Road start from N1 at Baraiyerhat.,Others,0.0
44,N1,247.923,LRP251b,22.3106111,91.8570833,,"sideroad,left",Road to Balakkhati (Z1065),Z1065,31.022092597676345,22.3103333,91.8571111,LRPS,intersection,start of road from N1 at Maizzertek,Others,0.0
50,N1,264.237,LRP268c,22.291833,91.9823327,,"sideroad,right",Road to Anowara (R170),R170,0.0,22.291833,91.9823327,LRPS,intersection,Road start from N1 (Dhaka Teknaf) road at Patiya bazar.,Others,0.0
64,N1,337.31,LRP341b,21.7215549,92.0830827,,"sideroad,left",Road to Alikadam(Z1005),Z1005,3.0912232305489478,21.7215271,92.0830827,LRPS,intersection,Road Start from N1 at Haser Dighi Chokoria,Others,0.0
77,N2,11.977,LRP012d,23.7856663,90.5705827,,"sideroad,right",R203 to Ramchandri,R203,6.788709578026401,23.7856108,90.5705549,LRPS,intersection,Road start from N-2 at Bhulta.,Others,0.0
79,N2,30.225,LRP030b,23.8934163,90.6644167,,"sideroad,left / kmpost","R301 to Ghorashal, Z2047 to Ghorashal / Sylhet 200 km",R301,22.922190345818905,23.8935552,90.6645833,LRPE,intersection,"End of road at Pachdona intersecting N2, Dhaka- Sylhet- Jaflong Road",Others,33.037
81,N2,43.097,LRP043b,23.9802216,90.7333886,,"sideroad,left","R310 to Gazipur ,R211 to Shibpur",R310,11.739378422458545,23.9802493,90.7332771,LRPE,intersection,End of road at itakhola more and intersect with N2 ( Dhaka- Sylhet Highway),Others,37.339
85,N2,70.576,LRP071a,24.0553889,90.9828604,,"sideroad,left",Road to Kishoreganj(R360),R360,22.91398430619546,24.05525,90.9830271,LRPE,intersection,"End of Road of Durjoy more Bhairab interseting N2, Dhaka- Sylhet - Jaflong road",Others,116.385
87,N2,85.823,LRP086a,24.0508333,91.1144444,,"sideroad,right",Road to Mainamoti(N102),N102,33.46625731367054,24.0506111,91.1146667,LRPE,intersection,Meet with N 2 at Sanail,Others,82.682
88,N2,86.413,LRP087a,24.0576944,91.1151389,,"sideroad,left",Road to Nasimagar(R220),R220,10.47007358155812,24.0576389,91.1150556,LRPS,intersection,Road start from N2 at Kutra para more Sarail,Others,0.0
89,N2,116.294,LRP117b,24.1478608,91.3464441,,"sideroad,right",Road to Chunarughat(N204),N204,18.004837785974672,24.1479163,91.3466108,LRPS,intersection,Road start from N2 at Jagannathganj.,Others,0.0
91,N2,141.308,LRP142b,24.2676938,91.4768882,,"sideroad,left / sideroad,right",R240 to Habiganj / N204 to Chunarughat,R240,9.273669691646845,24.2676104,91.4768882,LRPS,intersection,Road start from at Shaistaganj Intersection of N2 (Dhaka- Syhlet Road) + R240,Others,0.0
92,N2,145.961,LRP146b,24.2947219,91.5100833,,"sideroad,right",Road to Srimongal(N207),N207,22.890557516366083,24.2948608,91.51025,LRPS,intersection,Road start from N2 at Mirpur.,Others,0.0
93,N2,181.657,LRP182c,24.5910552,91.6014167,,"sideroad,left",Road to Nabiganj (R240),R240,66.79772220490295,24.5914997,91.6018611,LRP049a,intersection,Cross the Road N2,CrossRoad,49.42
94,N2,185.77,LRP186d,24.6134167,91.6312493,,"sideroad,left",Road to Raniganj (R241),R241,0.0,24.6134167,91.6312493,LRPS,intersection,"Road start from N2 at Soyedpur Bazar, Hobiganj.",Others,0.0
95,N2,190.892,LRP191b,24.6264993,91.6774993,,"sideroad,right",Road to Moulavo Bazar(N207),N207,18.737016056778035,24.6263327,91.6775271,LRPE,intersection,Road end with N2 at Mukti joddha Chattor Sherpur.,Others,67.985
99,N2,225.373,LRP225b,24.8673049,91.8568056,,"sideroad,right",Road to Balaganj (Z2013),Z2013,0.0,24.8673049,91.8568056,LRPS,intersection,Road Start From N2 at Chandipool Sylhet,Others,0.0
